{"cameraMode":{"drawMode":0,"name":"Shaded","section":"Shading Mode"},"sceneLighting":true,"audioPlay":false,"sceneViewState":{"m_AlwaysRefresh":false,"showFog":true,"showSkybox":true,"showFlares":true,"showImageEffects":true,"showParticleSystems":true,"showVisualEffectGraphs":true,"m_FxEnabled":true},"in2DMode":false,"pivot":{"x":2.2969703674316408,"y":1.409287452697754,"z":-2.2149887084960939},"rotation":{"x":-0.14974519610404969,"y":0.005039032083004713,"z":-0.0007647578604519367,"w":-0.9887246489524841},"size":7.906895160675049,"orthographic":false}